feature,class,f1,precision,recall
full_paths_original_4,Overall,0.7292885196138259,0.777631821697574,0.7756944444444445
full_paths_original_4,ARG,0.3703703703703704,0.7851239669421488,0.2423469387755102
full_paths_original_4,NONE,0.8635403464300803,0.7748294162244125,0.9751908396946565
middle_paths_unrestricted_16,Overall,0.8475151448148326,0.8464514987878599,0.85
middle_paths_unrestricted_16,ARG,0.7104557640750672,0.748587570621469,0.6760204081632653
middle_paths_unrestricted_16,NONE,0.8987816307403936,0.8830570902394107,0.9150763358778626
