feature,class,f1,precision,recall
full_paths_original_4,Overall,0.7036169065252305,0.7371606620221571,0.7652777777777777
full_paths_original_4,BETTER,0.35393258426966295,0.7590361445783133,0.23076923076923078
full_paths_original_4,WORSE,0.08955223880597016,0.4,0.05042016806722689
full_paths_original_4,NONE,0.8644351464435146,0.7697466467958272,0.9856870229007634
middle_paths_unrestricted_16,Overall,0.7981883215583768,0.7905937013219752,0.8173611111111111
middle_paths_unrestricted_16,BETTER,0.6568265682656828,0.6617100371747212,0.652014652014652
middle_paths_unrestricted_16,WORSE,0.1987577639751553,0.38095238095238093,0.13445378151260504
middle_paths_unrestricted_16,NONE,0.9030776297657326,0.870682019486271,0.9379770992366412
